CustomerIds,Name,Value,PropSMS,PropMail,PropPhone
1,Terry Sanchez,2135,0.091219607,0.141037685,0.187280622
2,Garrett Hicks,2198,0.145642971,0.189202332,0.060198623
3,Bernice Gordon,2708,0.23712674,0.08082208,0.121729566
4,Beverly Hill,2857,0.106057597,0.096307102,0.180729592
5,Marilyn Jennings,2226,0.112209898,0.239775728,0.09336704
6,Pearl Rios,2006,0.137741894,0.115779976,0.094238756
7,Claudia Torres,2849,0.063014392,0.147646829,0.160566838
8,Patricia Cooper,2016,0.117983319,0.201440063,0.078289008
9,Tammy Evans,2800,0.172668052,0.107589688,0.096356871
10,Erika Hunter,2198,0.065466927,0.087082915,0.181378494
11,Henry Henry,2164,0.141700579,0.170919159,0.089045318
12,Deborah Mcguire,2648,0.127596322,0.106049939,0.135173381
13,Omar Thornton,2293,0.112767993,0.111103521,0.235150873
14,Isaac Taylor,2552,0.147928938,0.173986387,0.064062169
15,Hope Stanley,2683,0.186034356,0.117553297,0.11413668
16,Paul Turner,2484,0.103144595,0.141964107,0.22050757
17,Jody Gibson,2332,0.092127177,0.248385786,0.081402885
18,Paula Morris,2600,0.232753096,0.102412015,0.153409001
19,Oliver Hernandez,2417,0.102824936,0.102827964,0.144984401
20,Robert Cox,2945,0.152253966,0.160114057,0.118654862
21,George Lewis,2217,0.19870228,0.086831473,0.114306785
22,Carolyn Beck,2704,0.078754596,0.107597908,0.161337005
23,Bertha Cruz,2522,0.120054165,0.236337442,0.0824419
24,Susie Vasquez,2042,0.197101097,0.061146182,0.153646425
25,Harold Walker,2172,0.116207214,0.10462778,0.149158306
26,Kevin Frank,2843,0.096747002,0.158459408,0.08101958
27,Sadie Clark,2269,0.176058801,0.109091063,0.115136558
28,Edward Morgan,2258,0.100556421,0.149593262,0.241828746
29,Brad Carpenter,2527,0.120731369,0.203057534,0.105102209
30,Joe Goodman,2602,0.244869049,0.078227809,0.13827058
31,Dominic Blake,2752,0.102349318,0.159455683,0.198828834
32,Nancy Wood,2232,0.105935004,0.170661572,0.067319515
33,Terrence Fleming,2390,0.197186879,0.109565023,0.130509243
34,Erik Bailey,2291,0.066772046,0.126278788,0.160505277
35,David Smith,2540,0.110192042,0.235339391,0.07200014
36,Jennifer Green,2009,0.190033985,0.119344569,0.150433765
37,Rosemary Nelson,2287,0.087121083,0.141940245,0.132613493
38,Joan Jackson,2416,0.120152683,0.130662561,0.070484872
39,Dorothy Clark,2911,0.211599199,0.08049808,0.098339334
40,Guadalupe Terry,2192,0.116794077,0.093890916,0.179482668
41,Phyllis Coleman,2929,0.085392737,0.155335245,0.107773666
42,Betsy Welch,2042,0.151183651,0.119326593,0.098089954
43,Jeffrey Gray,2817,0.080369044,0.103475678,0.198744309
44,Clifford Stewart,2284,0.157411368,0.249046337,0.096196481
45,Guadalupe Martin,2714,0.164783151,0.11094896,0.110770968
46,Ann Coleman,2148,0.075613855,0.127586527,0.216212513
47,Jeremy Richardson,2737,0.120410077,0.166820316,0.086441137
48,Jason Miller,2363,0.232181734,0.105185403,0.156060203
49,Charles Farmer,2696,0.116606143,0.155713515,0.189757236
50,Leah Keller,2496,0.136074435,0.159018901,0.106153927
51,Emily Ward,2603,0.153398274,0.098743066,0.117976751
52,Candice Wright,2740,0.117739411,0.100378148,0.165727882
53,Jackie Hicks,2025,0.154734893,0.185065128,0.071645566
54,Ginger Wilkerson,2338,0.245376476,0.08736362,0.096319831
55,Billy Chapman,2637,0.099179079,0.097991675,0.217904053
56,Antonio Vargas,2820,0.095548094,0.228475108,0.090879839
57,Martha Adams,2940,0.234948684,0.117970068,0.120585339
58,David Jones,2753,0.09721284,0.146160436,0.147278484
59,Craig Phillips,2686,0.090583991,0.128061992,0.071165312
60,Taylor Erickson,2629,0.187428924,0.084168477,0.153774338
61,Alfredo Martin,2299,0.118701044,0.131013374,0.162242479
62,Hope Lindsey,2399,0.154771235,0.139602305,0.064095451
63,Allen Hale,2677,0.214114226,0.100766556,0.134383486
64,Charlene Reid,2276,0.11201364,0.103655284,0.199466211
65,Wayne Coleman,2309,0.141416953,0.206588846,0.07539479
66,Sarah Martinez,2822,0.193619686,0.088452914,0.150505033
67,Willie Perry,2120,0.086120191,0.127119668,0.199055612
68,Louis Garcia,2833,0.136705704,0.172761409,0.062264259
69,Deanna Gill,2542,0.220899147,0.091609951,0.097712554
70,Alice Lewis,2331,0.117284557,0.116878765,0.156609134
71,Rafael Elliott,2849,0.155385051,0.15666417,0.110372624
72,Joyce Rogers,2030,0.147228961,0.082050059,0.097157303
73,Johanna Henderson,2631,0.070547409,0.149699369,0.188412451
74,Roderick Hansen,2653,0.113084484,0.216142645,0.088548541
75,Russell Morris,2523,0.191734139,0.080852108,0.095230246
76,Sally Ryan,2395,0.0815465,0.143617774,0.205822219
77,Rose Coleman,2860,0.150145502,0.239137408,0.071520444
78,Judy Walker,2913,0.186998798,0.105186974,0.140384237
79,Fred Baker,2306,0.105466438,0.110381755,0.184054192
80,Dennis Summers,2693,0.110350106,0.164520531,0.110702998
81,Richard Foster,2949,0.182064711,0.060579686,0.117861339
82,Shari Graham,2373,0.106915657,0.126178506,0.132185242
83,Andrew Reed,2058,0.139985937,0.238132297,0.067631953
84,Elisa Singleton,2171,0.142593112,0.108480848,0.108844559
85,Daryl Norman,2193,0.111938208,0.104326955,0.15671261
86,Armando Ramirez,2914,0.0972545,0.17820892,0.073729879
87,William Sanders,2571,0.12525656,0.111664099,0.146982704
88,Kelly Hall,2777,0.07971175,0.103933538,0.245981188
89,Alice Clark,2012,0.123032667,0.229924025,0.078144252
90,Carol Ward,2559,0.199254703,0.117977904,0.120070926
91,Nancy Rivera,2237,0.066621761,0.136252591,0.129029906
92,Christopher Simmons,2738,0.115496907,0.184032454,0.060183317
93,Martha Harris,2340,0.2061191,0.108215286,0.099010028
94,Olivia Horton,2185,0.087413585,0.124861495,0.128427756
95,Edmund Brady,2709,0.122049029,0.241359857,0.063202031
96,Brenda Rivera,2088,0.24348313,0.107353483,0.121582928
97,Maria Morgan,2299,0.109034617,0.12505222,0.141938774
98,Louise Perez,2960,0.114004161,0.191399832,0.081007882
99,Brenda Williams,2894,0.125353975,0.106350806,0.132631481
100,Margie Swanson,2841,0.091941462,0.119982005,0.245750163
101,Alejandro Barnes,2777,0.086956784,0.218982888,0.073536065
102,Lillian Watson,2580,0.135411433,0.096231918,0.155380965
103,Lawrence Cooper,2030,0.099854123,0.134034674,0.137590601
104,Sonia George,2440,0.092758741,0.127234379,0.07425189
105,Wanda Erickson,2103,0.204565083,0.071597065,0.150547827
106,Ruby Taylor,2278,0.118524741,0.108435036,0.151423867
107,Juan Bryant,2471,0.152574928,0.182470876,0.08243042
108,Estelle Garrett,2488,0.135641155,0.097990727,0.119024374
109,Joe Evans,2039,0.108252555,0.100680924,0.221113249
110,Gwendolyn Rice,2864,0.155973841,0.229463878,0.068068272
111,Ryan Jenkins,2456,0.172010982,0.072732426,0.145803476
112,Marie Garcia,2095,0.094873501,0.108297013,0.235290546
113,Ruth Scott,2822,0.0928539,0.231088406,0.077450178
114,Roman James,2610,0.248968864,0.098101824,0.134201871
115,James Edwards,2154,0.118143294,0.122144421,0.191647087
116,Carolyn Green,2409,0.120264174,0.186191794,0.064665833
117,Vincent Jennings,2720,0.228099721,0.069842661,0.112048389
118,Mamie Rose,2520,0.114514998,0.094764457,0.167173757
119,Lillian Clark,2467,0.152451463,0.18002652,0.101064116
120,Heather Moore,2904,0.133143831,0.0733606,0.091987605
121,Paulette Zimmerman,2293,0.068808244,0.115009339,0.227993427
122,James Miller,2598,0.140896328,0.125949606,0.065051436
123,Lionel Moreno,2721,0.245950952,0.099352723,0.1356751
124,Jessica Wallace,2706,0.086012723,0.092142371,0.138514168
125,Max Burke,2994,0.124770809,0.249775116,0.062012841
126,Phyllis Kelly,2096,0.235792112,0.066589144,0.085518938
127,Erma Hoffman,2514,0.088143172,0.090833666,0.220108273
128,Larry Rios,2126,0.158952663,0.148058662,0.071419613
129,Evan Estrada,2226,0.249963446,0.098744598,0.086854148
130,Cameron Lloyd,2310,0.104906011,0.149529051,0.243808202
131,Frances Craig,2017,0.0923461,0.199650085,0.073001845
132,Pam Weaver,2396,0.243092635,0.06202926,0.108955229
133,Jerry Cook,2674,0.0618597,0.117050053,0.246353905
134,Christina Christensen,2735,0.14299226,0.177346645,0.111888366
135,Robert George,2745,0.166987219,0.099885649,0.087914649
136,Sonia Cunningham,2219,0.080159768,0.114369755,0.184856154
137,Lisa Hogan,2726,0.118071341,0.222631212,0.105642376
138,Sandra Potter,2649,0.204354945,0.065597788,0.118047775
139,Amber Lowe,2196,0.081451666,0.116746073,0.15481083
140,Sara Hines,2624,0.159224443,0.13447359,0.109823136
141,Richard Moss,2819,0.240252677,0.09410846,0.141744563
142,Terry Massey,2417,0.083477607,0.156889342,0.155626239
143,Edith Adams,2786,0.127777521,0.195585316,0.106282858
144,Samuel Henderson,2595,0.191677215,0.109641399,0.080884338
145,Roosevelt Willis,2253,0.088170392,0.083587257,0.199813091
146,Nicholas Cox,2193,0.148581911,0.217350477,0.095034829
147,Mindy Burton,2557,0.194652064,0.068233926,0.147796167
148,Sheryl Sherman,2253,0.113993623,0.156051979,0.230858
149,Darren Roberson,2648,0.159707907,0.172886307,0.098367986
150,Larry Roberts,2855,0.158720245,0.103165757,0.157864575
151,Ronald Coleman,2766,0.097519895,0.158087779,0.221907887
152,Joyce Flores,2579,0.096171661,0.171928777,0.10951143
153,Martin Flores,2420,0.142236363,0.101038339,0.127999101
154,Clarence Bryant,2995,0.087407201,0.088183227,0.228350118
155,Joyce Swanson,2575,0.140426369,0.231956556,0.068763736
156,Muriel Jones,2415,0.157910625,0.092603387,0.082535952
157,Frances Thompson,2170,0.119578302,0.152660671,0.12738703
158,Stephanie Harris,2630,0.125614294,0.137337484,0.118607105
159,Jeffrey Barton,2886,0.182499713,0.113388319,0.148573409
160,David Martin,2169,0.088086536,0.14845986,0.189029053
161,Tara Harvey,2633,0.084461209,0.244739217,0.087591441
162,Mario Pierce,2365,0.246316409,0.096215924,0.156612375
163,Israel Knight,2899,0.078933555,0.140164164,0.248260992
164,Christie Owens,2704,0.105036508,0.12823205,0.092930931
165,Charlie King,2435,0.153937177,0.079227235,0.115678924
166,Lisa Ramirez,2455,0.113255142,0.115838369,0.221263431
167,John Jones,2817,0.087575749,0.168519373,0.084968689
168,Nicholas Allen,2383,0.143946909,0.090335921,0.109186691
169,Margarita Douglas,2396,0.105197125,0.156821584,0.248250545
170,Terrance Beck,2690,0.120545306,0.189953444,0.072485569
171,Ben Burgess,2928,0.135635883,0.078302843,0.094393936
172,Evelyn Webster,2488,0.082290515,0.156464388,0.133271211
173,Patrick Carter,2608,0.117114392,0.241425111,0.0679038
174,Beverly Franklin,2065,0.155520777,0.11083938,0.121481154
175,Angela Phillips,2386,0.075343173,0.125264567,0.185166672
176,Ashley Peterson,2724,0.0849661,0.200157267,0.112898571
177,Albert Carson,2162,0.212702943,0.082815307,0.159308922
178,Bernice Walters,2375,0.108320507,0.156692368,0.182540879
179,Sherri Mcbride,2549,0.101745586,0.164390826,0.100181758
180,Howard Murphy,2222,0.24571076,0.07194768,0.124786252
181,Glenda Figueroa,2691,0.072821748,0.131033525,0.177007123
182,Joseph Ross,2938,0.142015842,0.247728204,0.069912861
183,Johnny Butler,2098,0.144216313,0.096745256,0.084195692
184,Evelyn Figueroa,2978,0.064937777,0.09258433,0.208999058
185,Pauline Lambert,2724,0.118174582,0.196279689,0.094633858
186,Kimberly Reed,2612,0.189229044,0.067040485,0.083482546
187,Bernadette Harris,2624,0.104915132,0.156605225,0.14850905
188,Lisa Adkins,2965,0.113116948,0.16828449,0.102985848
189,Chelsea Wise,2282,0.24161413,0.112472083,0.15023968
190,Tara Davis,2848,0.113354913,0.156359219,0.18795824
191,Roy Lopez,2786,0.150276994,0.133095116,0.07813303
192,Joan Doyle,2666,0.22690552,0.086449077,0.14504504
193,Stephanie Murphy,2225,0.063496369,0.13955078,0.194149153
194,Dennis Perry,2137,0.102874513,0.190327039,0.091244616
195,Cathy Perez,2981,0.139111029,0.06328311,0.101484999
196,Joshua Bowers,2660,0.079078059,0.154559296,0.152027633
197,Julius Cole,2919,0.142170551,0.16660435,0.104898519
198,Curtis Alexander,2583,0.230791385,0.111565806,0.094761365
199,Bernard May,2283,0.118822649,0.098433364,0.15931002
200,Victor Kelly,2996,0.094947255,0.210027212,0.081180996
201,Colin Harris,2706,0.147680307,0.06647191,0.140610271
202,Victor Wood,2518,0.060644413,0.136172141,0.19750822
203,Clara Pena,2079,0.126819881,0.202406377,0.114495875
204,Larry Walker,2949,0.200534418,0.073176651,0.089117634
205,Christopher Taylor,2132,0.108911406,0.129394586,0.155405772
206,Francis Wong,2325,0.09879007,0.219988261,0.107304665
207,Carolyn Watson,2675,0.220927037,0.116858771,0.140723522
208,Maryann Brown,2048,0.077778945,0.129549459,0.235514275
209,Paula Fields,2994,0.128994661,0.131386969,0.094886423
210,Evelyn Garcia,2958,0.18109256,0.085170622,0.104589641
211,Juan Wright,2312,0.074278934,0.095493667,0.216221695
212,Paula Allen,2842,0.081241045,0.180200097,0.108002151
213,Debra Alexander,2103,0.177795096,0.111634247,0.089286065
214,Maria Stephens,2362,0.077514593,0.111504099,0.155365984
215,Billy Jenkins,2469,0.122426106,0.226299654,0.113328194
216,Kelly Sanders,2008,0.243589248,0.110928641,0.104664418
217,Justin Sanders,2979,0.100410326,0.12683117,0.166884551
218,Brad Harrison,2786,0.107588466,0.125042409,0.073753412
219,Derrick Ward,2028,0.125321577,0.065369902,0.098924174
220,Al Thomas,2635,0.104914741,0.137751463,0.182806051
221,Jeanette Gomez,2441,0.082871622,0.201643169,0.119205964
222,Perry Hart,2526,0.194841528,0.106824355,0.089053308
223,Leonard Reed,2785,0.072255946,0.141299393,0.204470136
224,Lori Simmons,2750,0.128455269,0.13413358,0.065418661
225,Nettie Becker,2316,0.149329274,0.107419569,0.116998904
226,Ron Love,2531,0.086434366,0.147654531,0.245973918
227,Lena Swanson,2132,0.097348277,0.171414977,0.071749419
228,Kelly Stokes,2565,0.184515194,0.08621133,0.09198929
229,Gwendolyn Roberson,2149,0.061395664,0.157233641,0.125917045
230,Joann Gregory,2494,0.101751778,0.154539629,0.070640384
231,Alan Phillips,2558,0.153393478,0.104499498,0.096191902
232,Tammy Rodriguez,2992,0.099368413,0.080930798,0.24006633
233,Jaime Lloyd,2680,0.150031654,0.190878729,0.118569321
234,Evelyn Peterson,2263,0.226075704,0.068037435,0.133533904
235,Ollie Mccoy,2360,0.104675054,0.101308282,0.241595081
236,Jamie Black,2848,0.142137008,0.127008425,0.091025357
237,Jessica Casey,2324,0.216000255,0.101171021,0.123526402
238,Aaron Mitchell,2128,0.087726356,0.094798721,0.175258405
239,Valerie Kelley,2789,0.093992765,0.249940504,0.098556182
240,Joyce Roberts,2761,0.188853025,0.10930881,0.105502585
241,Cory Sherman,2906,0.100427181,0.10763578,0.184219837
242,Hugo Brooks,2965,0.136006921,0.181578807,0.081835558
243,Jodi Mann,2029,0.206154761,0.117842275,0.131511318
244,Gloria Thompson,2535,0.117266586,0.12007714,0.236068752
245,Mack Morgan,2968,0.106173381,0.211143965,0.103948317
246,Maggie Garcia,2493,0.212793005,0.081632986,0.130334091
247,Rebecca Adams,2587,0.067402109,0.091927449,0.207685614
248,Arthur Taylor,2355,0.093269244,0.196625623,0.098617544
249,Terry Mills,2971,0.164550861,0.106329007,0.143618066
250,Anthony Wright,2692,0.064577329,0.085174037,0.195429254
251,Stephen Sanders,2660,0.139008857,0.125053396,0.101155477
252,Spencer Barrett,2423,0.161341023,0.077895275,0.108836602
253,Terri Mendez,2219,0.08213604,0.132308277,0.205663276
254,Phillip Soto,2702,0.108318067,0.248035207,0.072579062
255,Kim Holloway,2415,0.144889955,0.070531316,0.157008471
256,Melvin Rivera,2220,0.089075977,0.093795088,0.17961207
257,Joyce Steele,2532,0.133664336,0.15608955,0.068268963
258,Rogelio Lane,2132,0.194324711,0.102373866,0.10867609
259,Lucas Woods,2316,0.061072555,0.086311462,0.146145399
260,Krista Gonzalez,2963,0.096490244,0.210407279,0.102714212
261,Richard Williams,2474,0.213123035,0.105888638,0.145884841
262,Gary Morgan,2698,0.071166981,0.132667023,0.163022863
263,Johnnie Powers,2281,0.124744849,0.176949099,0.099360292
264,Minnie Tucker,2805,0.195228981,0.081607072,0.090065509
265,Felicia Rodriguez,2549,0.061075014,0.15674564,0.132564634
266,Alice Bell,2500,0.136630208,0.151571199,0.072172601
267,Lyle Mcdonald,2743,0.246125383,0.109357877,0.131006192
268,Jacqueline Wood,2431,0.072094999,0.159772233,0.247879226
269,Clifford Tran,2736,0.103908938,0.246595531,0.103180735
270,Flora Rios,2019,0.203755571,0.115291748,0.084925544
271,Gregory Gonzalez,2531,0.087243844,0.136849737,0.14340151
272,Victor Alexander,2578,0.101487792,0.226527187,0.110950725
273,Wilson Morton,2711,0.174266493,0.070763677,0.120214108
274,Mildred Torres,2391,0.096023616,0.094122946,0.217997439
275,Rodolfo Rhodes,2780,0.136516814,0.140581457,0.082487405
276,Victor Lucas,2840,0.20152331,0.061575631,0.088830268
277,Glenda Martin,2897,0.093693022,0.121687856,0.22550365
278,Albert Franklin,2850,0.090356609,0.207138981,0.096302707
279,Stephanie Russell,2748,0.160801583,0.063403186,0.149473687
280,Denise Rodriguez,2462,0.100640639,0.102576143,0.233598954
281,Sandra Martinez,2667,0.159155408,0.137170182,0.097386363
282,Edna Townsend,2782,0.127271449,0.103234096,0.1142982
283,John Price,2021,0.107646619,0.13007764,0.138908346
284,Howard Boyd,2352,0.114283154,0.169252192,0.063441966
285,Alice Gonzales,2400,0.170935986,0.095050285,0.087760072
286,Pamela Barnes,2279,0.079426046,0.082516372,0.151086566
287,Ross Hoffman,2940,0.133266762,0.247565867,0.071605507
288,Charles Lee,2608,0.194542844,0.068415178,0.117818331
289,Jacob Bush,2108,0.101175834,0.103975874,0.237495131
290,Maria Henderson,2114,0.090945503,0.214523242,0.094614369
291,Emily Stewart,2429,0.129663305,0.060149684,0.159461603
292,Susan Lewis,2247,0.072523417,0.127273504,0.12817111
293,Teresa Hall,2071,0.112799083,0.129975644,0.089279628
294,Virginia Harris,2503,0.248377726,0.06030763,0.120245678
295,Jody Hodges,2439,0.087160767,0.112431103,0.222615602
296,Diana Bailey,2309,0.139630033,0.20542665,0.113164663
297,Ruben Jennings,2743,0.226829818,0.090282799,0.089109462
298,Kelly Sanchez,2555,0.118875524,0.125787548,0.181460647
299,Mary Russell,2691,0.120715214,0.171173994,0.108245744
300,Rudy Vega,2956,0.23132887,0.103010792,0.09216364
301,Glen Poole,2638,0.070728393,0.128667367,0.161754543
302,Joan Ortiz,2902,0.08275608,0.193617786,0.062281132
303,Ann Flores,2271,0.160241968,0.099372335,0.119628496
304,Justin Clayton,2799,0.060558897,0.132257065,0.167384287
305,Shane Schwartz,2233,0.094687423,0.240523425,0.111606711
306,Janice King,2544,0.163280707,0.073904929,0.123465127
307,Jennifer Douglas,2284,0.090575216,0.084359194,0.132952652
308,Kathy Roy,2294,0.085332003,0.171309084,0.106465654
309,Elaine Hines,2114,0.210119404,0.077738846,0.080841831
310,Kelly Ward,2842,0.076951892,0.108414867,0.231111584
311,Ismael Simmons,2338,0.086819759,0.181907943,0.105641761
312,Joe Foster,2535,0.166829997,0.108476989,0.135987075
313,Thomas Walker,2129,0.083362183,0.154326767,0.174869795
314,Carla Oliver,2154,0.124626937,0.244413946,0.076910413
315,Robert Shaw,2214,0.18917923,0.070145002,0.108376215
316,Robert Alexander,2123,0.104768256,0.081631323,0.223032497
317,Amy Cox,2855,0.154741275,0.191770111,0.083221221
318,Debra Norris,2397,0.141167484,0.104466916,0.122063284
319,Elias Vasquez,2813,0.090449034,0.130557528,0.227717696
320,Amanda Powell,2745,0.159139028,0.227211544,0.077585666
321,Lora Ramsey,2142,0.206625711,0.117365103,0.157609421
322,Rodolfo Murray,2995,0.067217512,0.120243187,0.185271382
323,Jacqueline Cook,2752,0.084605151,0.194523185,0.11396712
324,Cathy Francis,2095,0.133839394,0.073292384,0.148653726
325,Doyle Hanson,2704,0.115587372,0.153716817,0.192579135
326,Robin Gordon,2249,0.115026115,0.211745873,0.061083171
327,Diane Davis,2687,0.219677324,0.116783144,0.09477261
328,Jonathan Fisher,2137,0.09687139,0.136125762,0.141127201
329,Lorena Andrews,2722,0.149026888,0.188914393,0.099067132
330,Christine Diaz,2470,0.148407704,0.079255872,0.151665498
331,Daniel Martin,2826,0.071292028,0.113535521,0.187248842
332,Dean Todd,2346,0.119522234,0.161127686,0.100731236
333,Todd Patterson,2359,0.166693859,0.096861718,0.151156871
334,Samuel Davis,2686,0.116961598,0.152397173,0.243708653
335,Amelia Hudson,2512,0.116370923,0.22501462,0.105806311
336,Mildred Doyle,2105,0.176310376,0.065410938,0.113618849
337,Kimberly Gonzalez,2965,0.067641491,0.155161138,0.241128761
338,Emma Hunter,2553,0.123920593,0.209199039,0.085060073
339,Wendell Cooper,2406,0.149335018,0.083486573,0.143140819
340,Harry Mann,2269,0.114457449,0.131367422,0.239012305
341,Marianne Sherman,2390,0.127739206,0.198389425,0.065804352
342,Alison Alexander,2421,0.17027009,0.108559394,0.103177495
343,Brandon Powell,2138,0.112533073,0.152590186,0.135060676
344,Daniel Kelly,2372,0.106015011,0.150640442,0.084849288
345,Patrick Baldwin,2076,0.24517215,0.107055237,0.151660615
346,Roosevelt Reid,2559,0.111992925,0.095849365,0.146786065
347,Marsha Pratt,2002,0.146817817,0.170230629,0.104708607
348,Amy Turner,2849,0.150938991,0.094902524,0.080275049
349,Adam Harris,2549,0.098337823,0.094442545,0.178807529
350,Ricardo Fox,2607,0.092827317,0.19882661,0.115472163
351,Phillip Taylor,2010,0.198525225,0.077783788,0.095259761
352,Renee Leonard,2979,0.097046881,0.106617531,0.144839227
353,Ernestine Wilkins,2166,0.130367362,0.174280472,0.07622167
354,Eddie Fisher,2893,0.171978283,0.089989525,0.13729348
355,Trevor Morton,2013,0.113571231,0.100360279,0.237486805
356,Bryan Hale,2093,0.099610001,0.18684401,0.100644745
357,Michael Clark,2451,0.146947362,0.108792856,0.152965666
358,Suzanne Lee,2442,0.090723935,0.131876964,0.205194201
359,Aaron Watson,2791,0.093407537,0.195738238,0.073072945
360,Donna Patterson,2352,0.248124639,0.09878413,0.127323021
361,Terry Anderson,2629,0.105353104,0.083812437,0.223005907
362,Jeremy Powell,2835,0.1590307,0.247734986,0.119972121
363,Felipe Freeman,2322,0.241137353,0.070330567,0.137455483
364,Gary Rogers,2950,0.063789955,0.12282809,0.160693915
365,Craig Richardson,2162,0.08910381,0.236327157,0.071198676
366,Minnie Paul,2274,0.232374281,0.105691345,0.158007967
367,Lucille Wallace,2654,0.112748055,0.149442764,0.181132637
368,Diana Morris,2154,0.155886011,0.135668565,0.078115263
369,Jennifer Johnson,2554,0.176673998,0.077437805,0.134118478
370,Guadalupe Kelly,2382,0.106473705,0.086498903,0.177453217
371,Marion Reid,2169,0.109110423,0.18313945,0.076645356
372,Becky Lucas,2166,0.194139682,0.106716571,0.119894261
373,Clara Summers,2013,0.066171139,0.080032186,0.136326472
374,Alberto Figueroa,2185,0.133479226,0.178825947,0.116154904
375,Teri Dennis,2663,0.161761445,0.063310523,0.131977768
376,Kelvin Leonard,2745,0.107811959,0.115223609,0.234909163
377,Douglas Ortega,2710,0.131516568,0.137277372,0.07565926
378,Christina Brooks,2487,0.245522247,0.116221688,0.150994186
379,Scott Rhodes,2362,0.094439187,0.140281368,0.126582553
380,Amy Thomas,2246,0.102910494,0.220794349,0.072924177
381,Rodolfo Munoz,2680,0.166746816,0.094821178,0.155716391
382,Ethel Robertson,2209,0.108970358,0.155633412,0.158395864
383,Robert Brooks,2434,0.128745056,0.202480936,0.107026881
384,Guadalupe Day,2306,0.151052866,0.060634598,0.100764915
385,Craig Diaz,2648,0.103615312,0.090000622,0.132190116
386,Adam Nelson,2879,0.089636165,0.220506003,0.089287438
387,Eleanor Guerrero,2001,0.144692471,0.119540804,0.159282638
388,Joseph Jackson,2623,0.101514592,0.083204635,0.154557316
389,Alan Russell,2013,0.158162017,0.247621898,0.082222768
390,Domingo Stewart,2936,0.216995214,0.067473467,0.141535846
391,Sergio Kim,2894,0.080371659,0.107474603,0.159284742
392,Karen Ramirez,2666,0.133140314,0.167273812,0.077782166
393,Joshua Hughes,2924,0.221353707,0.094673844,0.114699396
394,Carroll Gibbs,2887,0.08338316,0.1097219,0.130145828
395,Caroline Bradley,2473,0.155139875,0.204492893,0.064864641
396,Lucia Boone,2451,0.23985,0.098064284,0.103294706
397,Alvin Poole,2528,0.078507108,0.136026003,0.197375952
398,Rene Alvarez,2905,0.122885294,0.13324479,0.0640421
399,Deborah Mitchell,2217,0.214636443,0.09516784,0.156066546
400,Lillian Carr,2814,0.077238379,0.147034441,0.193907728
401,Caleb Strickland,2064,0.118197327,0.18269209,0.061836486
402,Rosalie Carter,2343,0.179872682,0.074991409,0.10599578
403,Anna Green,2562,0.065097071,0.128342739,0.136221223
404,Steven Brooks,2967,0.091960105,0.128437285,0.080188469
405,Josh Ward,2809,0.13241583,0.069816165,0.093350551
406,Marion Santos,2571,0.066976071,0.100302503,0.201956301
407,Lisa Torres,2706,0.115301417,0.211508617,0.088794892
408,Sara Patterson,2334,0.139704819,0.060279335,0.133362175
409,Christina Hernandez,2763,0.072465397,0.148173412,0.238673181
410,Albert Anderson,2452,0.104443813,0.220239075,0.115589774
411,Ernest Thomas,2198,0.174666297,0.065498154,0.097121207
412,Emmett Higgins,2898,0.106155043,0.099720471,0.173555299
413,Fannie Briggs,2486,0.108477512,0.177158542,0.098311046
414,Joshua Long,2005,0.126589495,0.060335507,0.129769799
415,Regina Murray,2910,0.09765998,0.128346914,0.193851803
416,Travis Parsons,2478,0.110272714,0.128613466,0.083038604
417,Felix Crawford,2406,0.167061575,0.119803499,0.094208731
418,Lyle Warner,2572,0.102060779,0.121491081,0.205253398
419,Lori Wright,2889,0.145469851,0.195182024,0.064605809
420,Joyce King,2844,0.139457452,0.07811992,0.142710415
421,Allison Holland,2952,0.089475672,0.095834289,0.219278399
422,Ann Moore,2728,0.15452665,0.130493514,0.092772182
423,Benjamin Murphy,2240,0.198856708,0.086551503,0.153445442
424,Jennie Garcia,2530,0.076295125,0.089883583,0.243953196
425,Aaron Sims,2154,0.121961363,0.219689548,0.067598205
426,Dennis Washington,2944,0.230809275,0.099673416,0.130084931
427,Tina Wilson,2244,0.079013482,0.142138394,0.146188274
428,Adam Hughes,2444,0.155064218,0.202118417,0.092997571
429,Marie Watson,2855,0.224605751,0.117413673,0.080111147
430,Lisa Miller,2805,0.066591462,0.095979187,0.187103341
431,Lila Townsend,2313,0.128201543,0.213591975,0.09227766
432,Jorge May,2811,0.236391872,0.082428527,0.154831172
433,Carl Shaw,2672,0.119598646,0.087852444,0.16881898
434,Walter Martin,2239,0.140584442,0.244084436,0.061565584
435,Roxanne White,2408,0.178893142,0.096597572,0.087502202
436,Diane Cooper,2562,0.119415921,0.099228226,0.235624938
437,Cedric Mckinney,2410,0.087109903,0.243586837,0.060793687
438,Barbara Ross,2668,0.143885423,0.084274822,0.094630102
439,Olive Stokes,2368,0.075504932,0.157409714,0.184699347
440,Jeremy Campbell,2621,0.093643407,0.177941919,0.067125941
441,Harry Griffin,2771,0.173307902,0.102703624,0.128124948
442,Karl Simon,2447,0.101493205,0.152400357,0.145481928
443,Deborah Jenkins,2599,0.084316388,0.211459514,0.103477786
444,Clark Weber,2737,0.148726779,0.118825535,0.156821398
445,Clyde Richards,2775,0.097627566,0.127170562,0.215590182
446,Carl Torres,2575,0.106097181,0.128056113,0.077925419
447,Orlando Buchanan,2604,0.217372213,0.091606793,0.130440353
448,Victoria Henry,2742,0.062040939,0.155630253,0.201087922
449,Ralph Foster,2235,0.137607501,0.147714089,0.118007123
450,Matthew Long,2577,0.140018318,0.082905897,0.09668066
451,Roger Lopez,2998,0.089165945,0.108688912,0.246357006
452,Ted Hoffman,2241,0.123332006,0.17625438,0.103554888
453,Bridget Armstrong,2194,0.222629101,0.062730935,0.111858794
454,Allison Gordon,2514,0.102101831,0.137807534,0.246166404
455,Vanessa Gill,2928,0.148532017,0.177296566,0.111907039
456,Earl Henderson,2256,0.145257474,0.110830086,0.138423422
457,Jenny Rodriguez,2526,0.070834268,0.086586119,0.128328684
458,Patsy Hogan,2331,0.126677079,0.148114987,0.10465898
459,Joseph Vasquez,2931,0.175478748,0.093065452,0.151121665
460,Leonard Hawkins,2275,0.111542298,0.157658289,0.181261858
461,Wilfred Rowe,2823,0.106463181,0.138896508,0.069508302
462,Billy Johnson,2159,0.162663772,0.0875364,0.140956976
463,Steven Brown,2198,0.066502064,0.13122129,0.224809613
464,Carlos Young,2591,0.082153015,0.170360599,0.068170876
465,Casey Burke,2035,0.198587837,0.102456764,0.111485018
466,Thomas Hoffman,2916,0.062510808,0.09690301,0.195188419
467,Shawn Cook,2847,0.104236898,0.198733452,0.065684854
468,Michelle Shelton,2711,0.229474338,0.088133979,0.088658139
469,Tricia Hanson,2101,0.1091531,0.128210681,0.235018969
470,Meredith Murray,2226,0.107716546,0.222760883,0.118952791
471,Paula Collins,2116,0.157029725,0.091769063,0.100324522
472,Dallas Bell,2899,0.07726131,0.135765128,0.129295673
473,Ernest Jones,2428,0.137296824,0.212420489,0.103992209
474,Patricia Williams,2567,0.154707345,0.09670016,0.088239341
475,Nicole Stewart,2732,0.102143101,0.152324775,0.213816583
476,Ruth Wilson,2819,0.130880058,0.12659317,0.082193169
477,Jeanette Cooper,2557,0.146451637,0.10779329,0.146187578
478,Christopher Campbell,2351,0.076250521,0.1224998,0.219946157
479,Fred Kelly,2980,0.123187839,0.209589841,0.117550292
480,Garrett Neal,2627,0.205176227,0.06203533,0.084558168
481,Barbara Sanchez,2810,0.064041646,0.108347417,0.215400506
482,Jennifer Stewart,2362,0.117567983,0.202361363,0.113424429
483,Elizabeth Cooper,2543,0.165203795,0.068777959,0.15379395
484,Bernard Ellis,2502,0.113737737,0.13372091,0.17778922
485,Ervin Reed,2839,0.114790689,0.181703808,0.08285738
486,Alan Roberts,2638,0.178065776,0.087246065,0.142606685
487,Delores Green,2518,0.091934201,0.158376774,0.224508297
488,Bonnie Andrews,2495,0.089398425,0.232409229,0.083303693
489,Norma Parker,2020,0.150191831,0.083726815,0.10233064
490,Diana Foster,2287,0.096949503,0.094730565,0.170797311
491,Jeffrey Gonzales,2922,0.149382685,0.163146421,0.114069083
492,Jeremy Robertson,2596,0.141696136,0.062151635,0.092239878
493,Dewey Dawson,2103,0.093811939,0.09338092,0.185955127
494,Phyllis Perez,2850,0.08815776,0.206356528,0.111146932
495,Anne Edwards,2595,0.158279056,0.064621713,0.154249487
496,John Johnson,2817,0.115984236,0.102097008,0.180664241
497,Floyd Grant,2961,0.121027685,0.165432363,0.099552722
498,Lois Nelson,2955,0.163660692,0.103288527,0.120836385
499,Carrie Griffin,2863,0.073503788,0.115035937,0.195326051
500,Todd White,2570,0.101138301,0.247551853,0.113264722
501,Phillip Brooks,2990,0.196482156,0.109917374,0.141944777
502,Johnny Lopez,2022,0.100411852,0.153013023,0.194246553
503,Willie Adams,2396,0.154013713,0.133839921,0.112920379
504,Raquel Rogers,2801,0.150589535,0.086229434,0.101729771
505,Kathy Edwards,2973,0.094127381,0.128986234,0.228999123
506,Melissa Hill,2828,0.124928795,0.205856946,0.099082123
507,Angelo Christensen,2096,0.21639991,0.106567872,0.122734578
508,Wesley Sanchez,2409,0.112156935,0.090392053,0.157547256
509,Christopher White,2191,0.133798203,0.212697046,0.112508339
510,Gerardo Owens,2003,0.247290384,0.079588789,0.093903136
511,Clifton Carson,2340,0.060715665,0.155934247,0.17206342
512,Steve Powers,2555,0.095422631,0.194528702,0.119635266
513,Al Anderson,2424,0.134447526,0.060909833,0.094914578
514,Carlton Hawkins,2159,0.068373061,0.106922584,0.172231376
515,Theodore Diaz,2822,0.10640173,0.202041963,0.092511289
516,Pam Pena,2531,0.173640931,0.117464484,0.125430468
517,Jimmy Simmons,2333,0.079156781,0.140330788,0.165595225
518,Alison West,2970,0.130774609,0.191011389,0.100456864
519,Marlon Logan,2205,0.186448649,0.066945155,0.124031595
520,Scott Lopez,2236,0.086044109,0.145222605,0.245954609
521,Hector Phelps,2794,0.104160082,0.178959673,0.0968702
522,Randolph Lynch,2502,0.162816969,0.071223744,0.08005263
523,Judith Harris,2901,0.074277963,0.146047605,0.221589985
524,Margaret Smith,2551,0.137474433,0.177804226,0.069197098
525,Linda Miller,2818,0.236605785,0.110699903,0.145866221
526,Gerald Bell,2968,0.063903846,0.135070522,0.182619867
527,Megan Byrd,2811,0.080047657,0.157305113,0.117638664
528,Doris Mitchell,2536,0.207679448,0.07810299,0.101167424
529,Miriam Mckinney,2549,0.087396252,0.149869649,0.17168679
530,Kate Moreno,2176,0.141243488,0.150456958,0.078366541
531,Patrick Gray,2584,0.146845345,0.072558336,0.090745685
532,Elijah Ruiz,2066,0.06795002,0.116793723,0.13685045
533,Courtney Pittman,2432,0.080978805,0.142306751,0.064382525
534,Denise Howard,2223,0.241017154,0.097642382,0.151247153
535,Marlene Poole,2894,0.100554801,0.140767671,0.164882027
536,Israel Fields,2106,0.096192343,0.150060628,0.066952772
537,Inez Bowman,2972,0.2184804,0.114080281,0.105815548
538,Eunice Crawford,2692,0.118540943,0.148216036,0.243806079
539,Deborah Ross,2903,0.091745875,0.242350359,0.11561408
540,Andrew Cox,2077,0.21561656,0.070439223,0.08441702
541,Adam Gray,2361,0.10533137,0.151018813,0.244687129
542,Craig Harper,2816,0.084104248,0.213811372,0.089692008
543,Rachael Stokes,2235,0.230415275,0.110447011,0.133570656
544,Carl Bell,2876,0.113989081,0.09318675,0.198402994
545,Raymond Ramirez,2616,0.141416374,0.136143279,0.064373592
546,Yvette Haynes,2781,0.157359264,0.105263951,0.121922997
547,Raymond Sanders,2227,0.099592652,0.084049598,0.185966597
548,Perry Nunez,2663,0.151764738,0.217482489,0.083245324
549,Dennis Price,2109,0.235855158,0.110168876,0.148071483
550,Annie Jackson,2845,0.112472438,0.102768029,0.190642703
551,Mary Lee,2646,0.103506666,0.223745603,0.096525504
552,Diana Griffin,2182,0.186938094,0.065901526,0.080897601
553,Traci Sims,2826,0.083536416,0.118571654,0.196846341
554,Toby Wong,2684,0.0888526,0.174390909,0.063504009
555,Homer Strickland,2005,0.129146872,0.097693762,0.151051715
556,Lonnie Guerrero,2884,0.113833361,0.151484741,0.187205855
557,Tommie Payne,2615,0.112345364,0.160086815,0.084148088
558,Willard Howell,2282,0.241845743,0.062915892,0.102557254
559,Suzanne Blair,2118,0.10318164,0.137225087,0.165270797
560,Chris Nelson,2847,0.097993735,0.204106061,0.065974278
561,Rolando Cunningham,2871,0.243539078,0.075729698,0.095217943
562,Jennifer Scott,2398,0.119898222,0.112840233,0.20175273
563,Domingo Griffin,2368,0.085775453,0.171425624,0.079815691
564,Larry Thompson,2832,0.226556852,0.069844637,0.108100829
565,Danielle Gregory,3000,0.08942162,0.10225877,0.233067488
566,Lila Coleman,2687,0.093770142,0.126149089,0.119827356
567,Katherine Garcia,2879,0.156391124,0.060369046,0.15630238
568,Gilberto Benson,2502,0.108151776,0.089597468,0.13464916
569,Winifred Sullivan,2310,0.154949049,0.208333501,0.091885317
570,Doris Stewart,2559,0.181886168,0.083643647,0.117833115
571,Edward Collins,2918,0.108529962,0.106285534,0.231047471
572,Krista Hansen,2253,0.151336129,0.172003824,0.069560834
573,Jeremy Watson,2771,0.229676273,0.113171888,0.094098178
574,Angela Richardson,2585,0.097291201,0.092039795,0.163498992
575,Andrew Price,2118,0.131862545,0.240799173,0.074098951
576,Kathleen Russell,2412,0.18287315,0.072104793,0.11599465
577,Betty Roberts,2920,0.075330038,0.141592006,0.237616223
578,Molly Hart,2915,0.155701275,0.174463879,0.106501511
579,Thomas Jackson,2734,0.175756358,0.095738693,0.093728065
580,Virginia King,2374,0.081174945,0.155688339,0.177563467
581,Betty Bennett,2085,0.099323091,0.148339153,0.083469789
582,Darryl Palmer,2454,0.142086676,0.092527315,0.13750573
583,Marian Bryan,2036,0.081031326,0.139551407,0.206581729
584,Florence Brown,2619,0.106989415,0.159441324,0.080207894
585,Levi Palmer,2930,0.227564876,0.08657864,0.136485674
586,Bert Davidson,2779,0.0984846,0.143044809,0.202273615
587,Ernest Cook,2927,0.12933053,0.165851034,0.093156564
588,Miriam Yates,2511,0.147220032,0.079922398,0.142621605
589,Jack Hernandez,2548,0.09864799,0.15288103,0.219090215
590,Mattie Mclaughlin,2564,0.108935964,0.247864604,0.065648013
591,Silvia Jimenez,2681,0.227896731,0.119794484,0.130625297
592,Raymond Flores,2684,0.067755203,0.153557276,0.15327349
593,Cheryl Perry,2748,0.085292191,0.209056639,0.074166905
594,Samuel Washington,2006,0.241149051,0.109650334,0.10437885
595,Randy Wilson,2519,0.109737331,0.14741618,0.184188404
596,Jeremiah George,2511,0.095195516,0.162622014,0.060980989
597,Earl King,2294,0.234290441,0.077808033,0.136415912
598,Joyce Rivera,2673,0.081402342,0.11488467,0.204322708
599,Mercedes Ross,2628,0.15600257,0.187741081,0.115345885
600,Louise Baldwin,2985,0.165086744,0.093105785,0.098106209
601,Carolyn Cook,2233,0.064969819,0.122916195,0.211448007
602,Darrell Newman,2216,0.146051208,0.153292764,0.084314967
603,Jane Gilbert,2284,0.1622722,0.09223451,0.089370908
604,Carla Copeland,2964,0.069157513,0.090549392,0.157359452
605,Jimmy Jenkins,2491,0.111043378,0.240204847,0.08583518
606,Mark Robinson,2954,0.237901896,0.089350996,0.138452393
607,Jane Miller,2537,0.082703545,0.135140494,0.213826279
608,Terry Mitchell,2255,0.158953064,0.223305492,0.085939102
609,Winston White,2083,0.187116448,0.099904484,0.082986933
610,Gina Padilla,2770,0.1114987,0.136258944,0.167740934
611,Ann Waters,2423,0.11396306,0.203143992,0.09242447
612,Tina Clark,2698,0.242787514,0.105791667,0.116273496
613,Colleen Bailey,2202,0.104807545,0.158909464,0.173291088
614,Irene Howard,2743,0.134930144,0.183030056,0.118494022
615,Melinda Lynch,2623,0.139382955,0.111609443,0.091911807
616,Agnes Mccarthy,2390,0.096669251,0.097745876,0.206292934
617,Christopher Powell,2875,0.086755243,0.161931731,0.061654205
618,Max Roberson,2353,0.242818969,0.109986776,0.110608224
619,Tami Haynes,2193,0.074387772,0.120437608,0.128828719
620,Timothy Gross,2875,0.091100452,0.180209335,0.066636884
621,Wanda Lowe,2658,0.130250691,0.113274912,0.092042721
622,Nicolas Manning,2582,0.100104138,0.080294742,0.143460938
623,Frank Collins,2281,0.103153924,0.16351241,0.091307246
624,Ralph Henderson,2654,0.24875827,0.066680959,0.131156448
625,Cheryl Richardson,2858,0.099033664,0.097972642,0.147982318
626,Emma Sanchez,2920,0.09773047,0.14609323,0.066157187
627,Frances Bailey,2449,0.142653616,0.062768619,0.138720875
628,Jessica Lee,2828,0.098071646,0.105802518,0.189654811
629,Gina Graham,2115,0.083747696,0.174173503,0.092331171
630,Helen Hill,2420,0.187838472,0.113525702,0.097540425
631,Delia Wallace,2171,0.09998799,0.125083744,0.224805381
632,Jeremiah Dean,2788,0.080762177,0.224894353,0.096483344
633,Joey Fisher,2152,0.242530788,0.115716968,0.113126452
634,Anna Logan,2932,0.071884838,0.157035233,0.185310574
635,Kimberly Wright,2078,0.117672039,0.178512273,0.110748079
636,Todd Morgan,2900,0.247492632,0.067741209,0.143298902
637,Reginald Burgess,2735,0.074604796,0.098116085,0.222300363
638,Sherry Clarke,2991,0.107531415,0.177137862,0.095557537
639,Betty Hall,2778,0.151802425,0.107968507,0.102225701
640,Kelvin Allen,2113,0.088963805,0.112031209,0.128146288
641,Kevin Williams,2808,0.0995603,0.164392508,0.071365743
642,Jeanne Hamilton,2133,0.162534245,0.072727965,0.139363611
643,Anna Thompson,2943,0.067433486,0.150656209,0.131190139
644,Donald Butler,2277,0.107994768,0.194883957,0.067110269
645,Linda Barnes,2787,0.213055989,0.101565633,0.11911251
646,Seth Moran,2085,0.077413343,0.101487607,0.211049734
647,Carlos Jenkins,2017,0.098533903,0.161367735,0.073635327
648,Gwendolyn Cain,2656,0.211624856,0.112454676,0.151569124
649,Doris Rivera,2021,0.084999905,0.095256352,0.12831777
650,Carol Jones,2538,0.108279835,0.214449918,0.112264893
651,Sonya Walker,2142,0.214891241,0.088820654,0.152242307
652,Jesus Huff,2652,0.075283951,0.091155472,0.137211425
653,Bethany Ortiz,2114,0.099717121,0.222268876,0.106386613
654,Janice Reed,2606,0.225566887,0.088530245,0.134995482
655,Holly Richardson,2858,0.071946374,0.133820276,0.175336604
656,Barbara Ramirez,2956,0.132484444,0.156417479,0.066115985
657,Andre Aguilar,2995,0.196771182,0.068739754,0.084664811
658,Elizabeth Diaz,2467,0.076592076,0.157386034,0.175572478
659,Martin Parker,2169,0.152887313,0.189116138,0.061558564
660,Delia Gomez,2820,0.191641118,0.070905761,0.151946309
661,Michael Simon,2827,0.103014133,0.099872803,0.169364389
662,Clint Reid,2044,0.145711121,0.172996411,0.116037934
663,Sophia Collier,2236,0.183413087,0.066849891,0.109634312
664,Julie Peterson,2316,0.10365769,0.114316259,0.127168565
665,Ashley Gonzales,2775,0.098677509,0.175685647,0.097080619
666,Josefina Singleton,2927,0.214159236,0.106787016,0.129411659
667,Emily Henderson,2552,0.063463026,0.147069985,0.208393229
668,Dave Diaz,2747,0.085287286,0.181004803,0.095521007
669,Milton Lewis,2855,0.217500134,0.113122735,0.149063361
670,Greg Barrett,2044,0.116109507,0.086252063,0.127531348
671,Loretta Nguyen,2591,0.094985777,0.161178346,0.105354913
672,Benjamin Evans,2626,0.149002065,0.069050222,0.081473634
673,Michele Chapman,2699,0.104077971,0.081634175,0.166444108
674,Darrell Lindsey,2989,0.150838252,0.191385094,0.102293875
675,Hattie Ellis,2895,0.131466658,0.100623803,0.139538463
676,Louise Turner,2689,0.083181454,0.105917994,0.199956897
677,Karl Stanley,2796,0.118472782,0.221073925,0.103200195
678,Linda Rodriguez,2629,0.165702483,0.117917023,0.157452326
679,Eleanor Rodgers,2820,0.080402008,0.105573521,0.190215975
680,Aubrey Walsh,2028,0.098213358,0.181890288,0.078083425
681,Christine Cooper,2407,0.151012822,0.104420095,0.116260348
682,Lynn Clarke,2488,0.07806843,0.092481899,0.128012366
683,Kathleen Williams,2882,0.151202735,0.223735857,0.115545975
684,Antoinette Sparks,2511,0.215273573,0.119361388,0.126127304
685,Mark Foster,2061,0.076095873,0.143763374,0.182717558
686,Louise Washington,2081,0.103533943,0.227172647,0.060530517
687,Rex Boone,2895,0.137542503,0.091400275,0.128527889
688,Shirley Thornton,2130,0.104484033,0.097567241,0.220696386
689,Janet White,2425,0.146589078,0.200048936,0.08454308
690,Shirley Ward,2191,0.131405221,0.086479781,0.141758498
691,Rachel Morris,2778,0.109410379,0.090337562,0.145228153
692,Todd Campbell,2586,0.111429856,0.190618622,0.098842704
693,Evelyn Rodriguez,2016,0.208842572,0.075390389,0.119986422
694,Nancy Hale,2744,0.116950871,0.083722356,0.207924854
695,Theresa Stewart,2840,0.155518452,0.128445083,0.065670715
696,Arnold Joseph,2904,0.186338617,0.097706502,0.126384968
697,David Bass,2197,0.068215247,0.102212057,0.187387334
698,Andrew Parker,2051,0.080497765,0.197935595,0.109810711
699,Rachael Paul,2373,0.236017314,0.079039925,0.109125488
700,Jacqueline Davis,2166,0.084889031,0.113405744,0.221237847
701,Teri Moran,2386,0.086812419,0.144419343,0.100743337
702,Marilyn Howard,2192,0.188945718,0.108979401,0.144815956
703,Barbara Larson,2859,0.107565714,0.100716399,0.150708689
704,Jeffrey Bowen,2769,0.159541784,0.226618152,0.076063306
705,Ana Weaver,2075,0.171813086,0.100949652,0.107906806
706,Chris Brown,2661,0.072249301,0.132627858,0.208386669
707,Bobby Torres,2709,0.143702507,0.220864564,0.067685954
708,Saul Phelps,2841,0.21047436,0.074436042,0.134503666
709,Darlene Roberts,2038,0.079922023,0.088365177,0.220286974
710,Byron Todd,2867,0.111910552,0.227867521,0.110275938
711,Blanca Lambert,2551,0.241627983,0.102456477,0.124103848
712,Joe Hill,2047,0.07387513,0.15041672,0.183598312
713,Louise Wood,2678,0.08064162,0.226124074,0.082214142
714,Martha Howard,2327,0.192510424,0.095025617,0.129116498
715,Douglas Byrd,2335,0.079470665,0.093621336,0.127076232
716,Glen Benson,2590,0.135265651,0.175519132,0.072412744
717,Phillip Thornton,2091,0.197502427,0.062830839,0.104707801
718,Charles Howard,2853,0.093162233,0.130267419,0.13003517
719,Earl Simmons,2689,0.146979019,0.201849028,0.11412113
720,Jeannie Berry,2225,0.217416352,0.085152006,0.151941536
721,Paul Smith,2145,0.075812672,0.092204697,0.23712181
722,Lola Guzman,2801,0.122635873,0.131773089,0.087007668
723,Herbert Flores,2874,0.128798805,0.114013912,0.108108321
724,Kathy Lyons,2633,0.074611188,0.154908569,0.199609141
725,Maria Gonzales,2240,0.08659365,0.169583454,0.09880222
726,Caroline Mckenzie,2433,0.15290074,0.11488978,0.152259559
727,Lawrence Allen,2408,0.102825518,0.102113217,0.162257908
728,Lorenzo Huff,2351,0.104171895,0.210014485,0.088726024
729,Ann Warner,2491,0.157990693,0.093951785,0.133504358
730,Russell Hudson,2146,0.101773691,0.117946207,0.182493941
731,Leah Myers,2942,0.124699249,0.195687243,0.092957523
732,Douglas Phillips,2928,0.188370682,0.104474221,0.09048929
733,Charlene Harvey,2383,0.085313323,0.143404653,0.238170554
734,Fred Salazar,2668,0.089430467,0.169241048,0.0600139
735,Timothy Ford,2453,0.224573567,0.102629235,0.091884169
736,Frances Hardy,2024,0.079037966,0.152774136,0.223330897
737,Colin Davis,2383,0.116376758,0.144885909,0.117834148
738,Marion Cooper,2716,0.152547563,0.061427911,0.129451046
739,Tabitha Sanders,2088,0.075402721,0.124517712,0.179957606
740,Helen Baker,2496,0.132851839,0.185030645,0.083728828
741,Harvey Norris,2386,0.231434007,0.118240404,0.098447637
742,Catherine Ramirez,2213,0.112161671,0.138030981,0.16086376
743,Andrea Yates,2570,0.082286619,0.146073882,0.113611957
744,Lawrence Hughes,2081,0.196047136,0.072063825,0.094326074
745,Nicholas King,2103,0.072776928,0.085530459,0.235972387
746,Harold Diaz,2492,0.136606496,0.217306959,0.086156112
747,Rose Baker,2776,0.188837237,0.083706385,0.143724301
748,Kelley Vaughn,2670,0.086359791,0.158523949,0.179263588
749,Kim Ingram,2209,0.095653514,0.2015633,0.076674052
750,Theresa Bishop,2201,0.180842427,0.060821991,0.144004826
751,Tyler Shaw,2024,0.07341405,0.102286889,0.20999338
752,Doreen Caldwell,2107,0.128615644,0.222475433,0.080168009
753,Donald Russell,2665,0.168848843,0.087658525,0.108262326
754,Jack Nelson,2490,0.109278423,0.119687351,0.243926933
755,Linda Chavez,2046,0.141765044,0.139775187,0.063901701
756,Hattie Morrison,2926,0.142647428,0.084011669,0.134333469
757,Lance Page,2303,0.08411688,0.129310532,0.215024027
758,Stuart Caldwell,2147,0.129795705,0.203781372,0.117199803
759,Virginia James,2703,0.237105602,0.071816554,0.119250808
760,Pat Terry,2842,0.070895881,0.135251279,0.200335694
761,Russell Robinson,2173,0.132422448,0.152132466,0.115891423
762,Wayne Brown,2769,0.246798601,0.111389885,0.08822752
763,Dale Goodwin,2585,0.092435847,0.089448773,0.127760046
764,Paul Thomas,2897,0.103963536,0.195536777,0.103747806
765,Carl Perry,2632,0.219191859,0.066465765,0.127971158
766,Kathy Roberts,2951,0.102821694,0.127716916,0.134182489
767,Anna Murphy,2457,0.107947718,0.131002432,0.066242426
768,Tasha May,2729,0.158853541,0.118011497,0.153353857
769,Steve Lee,2610,0.092341845,0.142076123,0.205085061
770,Philip Carter,2494,0.155279276,0.1689447,0.082794075
771,Sara Scott,2512,0.168127607,0.069343311,0.099575536
772,Craig Anderson,2312,0.060964929,0.114347436,0.196919583
773,Earl Carter,2006,0.092753586,0.156671546,0.066280848
774,Sean Morris,2682,0.242491541,0.063224912,0.090252677
775,Shane Moran,2948,0.087533324,0.105458832,0.186205406
776,Robert Sharp,2499,0.158964906,0.209058373,0.0886419
777,Lisa White,2721,0.186387673,0.069413011,0.096692444
778,Jason Morrison,2431,0.105928727,0.124280077,0.214408273
779,Betty Ross,2565,0.120018409,0.149596286,0.093682281
780,Shirley Green,2588,0.183273514,0.112687657,0.147213835
781,Chris Harris,2259,0.116365127,0.158973173,0.14549095
782,Meredith Ross,2653,0.127437089,0.190803164,0.1057776
783,Eula Gonzales,2487,0.171137374,0.116792706,0.112425365
784,Dominick Lawson,2390,0.092584627,0.126586045,0.155123789
785,Rickey Dixon,2141,0.148897288,0.215940022,0.079454134
786,Duane Hansen,2735,0.173768069,0.105297613,0.101650605
787,Johanna Bryan,2056,0.072348,0.091661634,0.175134775
788,Angela Hernandez,2531,0.1199214,0.188248253,0.062781442
789,Earl Washington,2307,0.189412068,0.082658033,0.131054427
790,Katherine Reed,2185,0.066136805,0.087430466,0.20001518
791,Juan Sanchez,2746,0.094250076,0.200390871,0.071873517
792,Ruby Gray,2826,0.221273822,0.097703284,0.137644068
793,Myrtle Maxwell,2877,0.095339212,0.085040074,0.237030686
794,Gary Ross,2140,0.133832923,0.171535489,0.064120704
795,James Carter,2206,0.186217265,0.117813432,0.15759685
796,Catherine Campbell,2111,0.07886215,0.151414168,0.224282648
797,Catherine Scott,2663,0.116580928,0.202638644,0.115279539
798,Kenneth Collins,2017,0.127672644,0.118539223,0.15674707
799,Marilyn Colon,2078,0.089818898,0.158521462,0.142570635
800,Owen Morales,2556,0.143389188,0.147610497,0.063881271
801,Oliver Wagner,2434,0.220350578,0.07047749,0.129371281
802,Eva Henderson,2134,0.103948165,0.081631698,0.172358226
803,Arlene Butler,2104,0.08510119,0.203516792,0.117735195
804,Lena Brady,2896,0.142680555,0.10872487,0.119446172
805,Howard Hill,2980,0.064216835,0.120788508,0.234223244
806,Tanya Stanley,2764,0.093689762,0.203745194,0.088317956
807,Darrin Patrick,2661,0.229292352,0.103049457,0.098477867
808,Curtis Sparks,2510,0.108703684,0.093060644,0.141042641
809,Ryan Rogers,2537,0.08959711,0.224913671,0.068864611
810,Mary Collins,2236,0.195170423,0.11222521,0.151627331
811,Walter Rogers,2025,0.066171214,0.135270287,0.245594225
812,Jessica Perry,2521,0.095150552,0.156613984,0.07057499
813,Hubert Bradley,2566,0.134172624,0.062868883,0.110023208
814,Fred Gray,2077,0.102571066,0.129758492,0.21112614
815,Gary Stevens,2378,0.109397351,0.245985162,0.077882425
816,Elijah Olson,2581,0.203018853,0.087153902,0.081558569
817,Lynette Burke,2905,0.112842784,0.130286043,0.216062476
818,Harriet Wong,2706,0.091566323,0.208069948,0.118022127
819,Michael Jones,2344,0.130984928,0.070274914,0.111786401
820,Karla Stevens,2017,0.061195,0.135190841,0.19967491
821,Sylvia Chandler,2630,0.110213568,0.181775847,0.090068504
822,Troy Wilkins,2672,0.217863639,0.115319234,0.08372721
823,Bernard Burgess,2864,0.073544967,0.089830195,0.198797917
824,Sheldon Sims,2312,0.123171997,0.178947971,0.085633335
825,Keith Mccormick,2645,0.242702794,0.066422495,0.149591961
826,Misty Fuller,2174,0.081179293,0.100015141,0.246097532
827,Gerald Long,2365,0.152447955,0.231655817,0.077336897
828,Malcolm Martinez,2795,0.214049633,0.099724356,0.104060937
829,Sylvia Meyer,2847,0.116886674,0.145667473,0.227187658
830,Dean Roberson,2098,0.150180354,0.133589499,0.067744542
831,Catherine Rivera,2927,0.159610299,0.098883303,0.080547102
832,Ruth Russell,2468,0.077556475,0.147147359,0.237749798
833,Patrick Jenkins,2994,0.098789791,0.161714585,0.116360079
834,Phyllis Thomas,2872,0.185509845,0.073472208,0.139314451
835,Hope Green,2606,0.08957382,0.129110015,0.235859623
836,Nicholas Lewis,2578,0.140809103,0.199256505,0.118811291
837,George Carr,2524,0.154104136,0.080052167,0.100152639
838,Jesse Thomas,2551,0.085874077,0.130974814,0.135843415
839,Preston Barber,2145,0.14534029,0.21164839,0.067523655
840,Clifton Delgado,2101,0.196951268,0.062034754,0.085688095
841,Curtis Lewis,2380,0.09681187,0.121161869,0.170326085
842,Beatrice Lamb,2462,0.11277545,0.143962817,0.091292285
843,Pedro Simpson,2783,0.228350958,0.071169025,0.12040469
844,Richard Butler,2967,0.069384224,0.153226793,0.180598746
845,Ronnie Green,2999,0.149211998,0.159184047,0.067144326
846,Roger Graves,2632,0.207478602,0.082609021,0.10594188
847,Martin Bailey,2483,0.097090947,0.141104884,0.128659835
848,Mary Mckinney,2292,0.148175129,0.178728998,0.119860702
849,Pearl Douglas,2384,0.202939663,0.115853802,0.110075417
850,Carol Bailey,2601,0.081957492,0.154514264,0.153091129
851,Sarah Thompson,2474,0.081210338,0.203199109,0.060053175
852,Mandy Mccarthy,2014,0.230409564,0.080164888,0.135327342
853,Betty Scott,2723,0.085575935,0.140419283,0.186211852
854,Douglas Martinez,2278,0.139401089,0.197308855,0.077385616
855,Russell Allen,2200,0.212526656,0.073434936,0.139498997
856,Rita Perkins,2689,0.093738941,0.159658876,0.234901507
857,Clarence Bennett,2381,0.152935692,0.139629473,0.115021274
858,Verna Rios,2911,0.181896549,0.09484397,0.101750428
859,Fannie Rios,2496,0.098399635,0.152294289,0.183638979
860,Keith Alexander,2685,0.115416153,0.157568036,0.095374498
861,Nicole Phillips,2692,0.208555682,0.090929759,0.132036825
862,Mathew Carroll,2711,0.087322066,0.083907272,0.196587574
863,Carmen Harrington,2768,0.144101761,0.146925751,0.074792305
864,Jonathan Tran,2689,0.159957082,0.114469916,0.107301287
865,Anne Sanders,2909,0.076661167,0.107154919,0.14101038
866,Doris Hernandez,2729,0.11354212,0.246325357,0.081844823
867,Dora Griffin,2473,0.188129249,0.097391229,0.1319281
868,Raymond Davis,2599,0.096154798,0.155700626,0.196392056
869,Michelle Barnes,2194,0.123116322,0.154087002,0.06541441
870,Sara Morgan,2275,0.153916795,0.06758478,0.087909319
871,Bill Holt,2292,0.09645919,0.149522974,0.168390612
872,Betsy Aguilar,2891,0.154774323,0.145466322,0.095355063
873,Lee Daniel,2110,0.129571521,0.061997622,0.110532927
874,Bethany Ballard,2453,0.093110644,0.103637928,0.158559984
875,Lydia Hogan,2109,0.09205466,0.190181143,0.061417404
876,Javier Reyes,2642,0.157185636,0.097328359,0.132722982
877,Jason Wilson,2990,0.106808449,0.148833518,0.200954957
878,Jose Gonzalez,2015,0.133352092,0.142945634,0.061251282
879,Bruce Peterson,2584,0.247346459,0.081077445,0.089108655
880,Harry Sims,2888,0.108681556,0.148897257,0.221562961
881,Susan Santiago,2037,0.090826057,0.160068968,0.09003765
882,Sarah Diaz,2733,0.148488279,0.065953313,0.12680211
883,Lucy Sharp,2824,0.099890692,0.15252527,0.24170566
884,Tommie Chambers,2753,0.145805903,0.195893869,0.065851218
885,Willie Patterson,2744,0.137706797,0.099157089,0.155173484
886,Billy Mitchell,2902,0.110813345,0.1527267,0.12784018
887,Douglas Anderson,2893,0.132756775,0.138309904,0.075628987
888,Ryan James,2051,0.183680948,0.114220645,0.150380741
889,Jonathon Garza,2549,0.073943001,0.124262982,0.178311846
890,Kevin Foster,2401,0.122663575,0.239950698,0.077190625
891,Courtney Huff,2028,0.241478163,0.088243929,0.158908668
892,Andrea Nelson,2638,0.066626859,0.117529907,0.197880857
893,Seth Hubbard,2787,0.139206989,0.233168504,0.089001863
894,Ginger Chambers,2122,0.138286966,0.110469549,0.083076083
895,George Martin,2272,0.085357161,0.111674999,0.190044702
896,Shirley Jackson,2464,0.146128851,0.242641299,0.072060987
897,Tabitha Gordon,2331,0.12569718,0.063706347,0.127813254
898,Johnny Bailey,2774,0.103864229,0.108474867,0.13545889
899,Adam Rogers,2047,0.157073843,0.195326658,0.095180957
900,Elvira Little,2545,0.229956909,0.095786445,0.131786858
901,Teresa Murphy,2148,0.118507201,0.11486776,0.192787095
902,Lana Sutton,2181,0.159814784,0.169918974,0.069914187
903,Martin Higgins,2066,0.15887561,0.072293899,0.154033902
904,Dewey Mccormick,2181,0.068406047,0.144880686,0.238149079
905,Caleb Rice,2653,0.082548839,0.238231556,0.0948766
906,Carol Allen,2618,0.161710387,0.084610458,0.109359174
907,Cheryl Butler,2608,0.06422835,0.143701869,0.183680413
908,Shirley Barnes,2292,0.08380769,0.153218577,0.106291074
909,Kenneth James,2008,0.23743965,0.072578157,0.080748264
910,Kirk Lowe,2324,0.065166696,0.158968172,0.24770593
911,Christine Parker,2741,0.151405208,0.18316669,0.080436654
912,Catherine Bell,2245,0.231715742,0.118108907,0.083702676
913,Maxine Pena,2602,0.098896533,0.080528555,0.237655819
914,Jesse Johnson,2928,0.125023151,0.249075664,0.085471839
915,Cornelius Gross,2245,0.209680878,0.082324827,0.121358033
916,Stacey Ortiz,2714,0.094033242,0.157320103,0.156342757
917,Christina Holloway,2489,0.152548899,0.207999588,0.092909792
918,Anthony Baker,2862,0.173160161,0.109187697,0.107355974
919,Geraldine Harrington,2159,0.116903791,0.120946709,0.218039384
920,Julia Fleming,2976,0.081837878,0.165484886,0.103486975
921,Carol Daniels,2383,0.230271223,0.066366866,0.10244229
922,Annie Hernandez,2196,0.066915943,0.127610687,0.162364079
923,Wilma French,2008,0.100076687,0.161352385,0.108345358
924,Gary Brown,2032,0.210951991,0.072820815,0.108294267
925,Geraldine Johnson,2085,0.090734449,0.090188003,0.170683474
926,Randy Martinez,2067,0.147595334,0.154143829,0.092586429
927,Jeremy Martinez,2648,0.180690967,0.105213759,0.145965288
928,Timothy Young,2298,0.07292724,0.153773564,0.249435288
929,Timothy Bryant,2474,0.118343402,0.15338003,0.105944229
930,William Flores,2483,0.159788612,0.084455197,0.108712006
931,Steven Wright,2125,0.094322263,0.112911885,0.125229653
932,Kim Harmon,2970,0.130399634,0.2021806,0.06201975
933,Florence Nunez,2968,0.248087901,0.119654371,0.136270494
934,Donna Evans,2701,0.106740124,0.092186005,0.179929416
935,Howard Wood,2200,0.133914786,0.178351339,0.092302066
936,Louis Copeland,2144,0.202115413,0.083689008,0.150263226
937,Cynthia Ward,2722,0.065030441,0.111334594,0.215919258
938,Jaime Johnston,2907,0.125745397,0.195730049,0.110674753
939,Elizabeth Gonzales,2914,0.20296842,0.103565029,0.110436137
940,Amanda Bryant,2597,0.115675625,0.107957065,0.222034567
941,Justin Gray,2535,0.106649344,0.14091984,0.061652581
942,Lula Dixon,2970,0.15951419,0.097715585,0.103683601
943,Taylor Holmes,2586,0.110224158,0.110384819,0.224064687
944,Dominic Hodges,2681,0.096195111,0.134930968,0.110491616
945,Shawn Robinson,2405,0.175766649,0.089775783,0.114038596
946,Ann Reed,2221,0.101644141,0.1523476,0.204972122
947,Roosevelt Townsend,2502,0.099022298,0.144630298,0.119726335
948,Veronica Allen,2672,0.192194082,0.113885962,0.086678301
949,Lillian Welch,2071,0.098853044,0.131005212,0.165313314
950,Jesse Davis,2330,0.1057507,0.23687285,0.088942514
951,Ervin Wright,2426,0.173309091,0.070093237,0.113378278
952,Shawn Bryant,2493,0.087873483,0.124596505,0.187527971
953,Gertrude Rodgers,2330,0.146012524,0.224937727,0.103900633
954,Trevor Brooks,2883,0.242847438,0.082532588,0.094754819
955,Wanda Patterson,2368,0.07308005,0.158074603,0.143513527
956,Marshall Soto,2738,0.103611422,0.236855392,0.113158527
957,Heather Cortez,2066,0.148196381,0.113853376,0.129285105
958,Jessica Moore,2483,0.074731803,0.133348038,0.231416393
959,Alexis Newman,2563,0.117854911,0.249867722,0.108177757
960,Eugene Kelly,2845,0.235064535,0.094855716,0.12437973
961,Rosa Perez,2984,0.09217033,0.102259279,0.155178022
962,Deborah James,2069,0.147497229,0.17024085,0.099990645
963,Lynn Cole,2107,0.246929764,0.080006091,0.129170387
964,Katrina Snyder,2198,0.114011945,0.106146982,0.137892715
965,Sheldon Smith,2659,0.080486871,0.164174602,0.094357434
966,Maurice Swanson,2109,0.242497192,0.075613724,0.086941705
967,Donald Taylor,2546,0.071303166,0.105441388,0.182416283
968,Tabitha Hampton,2384,0.096418328,0.208051575,0.0952576
969,Wilfred Cain,2874,0.235529388,0.100435719,0.112179063
970,Chris Adams,2177,0.078732279,0.150907959,0.174075116
971,Debra James,2920,0.10283047,0.219504328,0.115103685
972,Sean Young,2916,0.142801816,0.078496436,0.100379245
973,Clifford Lawson,2564,0.105655618,0.094691264,0.230371218
974,Alex Thomas,2314,0.131681676,0.15351202,0.097593266
975,Brett Meyer,2071,0.165518364,0.061358782,0.100870992
976,Dan Rodriquez,2522,0.11622771,0.143412399,0.169323385
977,Benny Myers,2432,0.133179682,0.140730035,0.114931741
978,Paula Smith,2989,0.209272386,0.062377206,0.089459652
979,Tina Wade,2743,0.114050136,0.083428119,0.218565198
980,Kathryn Cox,2188,0.098935645,0.147815333,0.119428576
981,Doug Glover,2606,0.146147856,0.063357301,0.138758657
982,Vicky Weaver,2681,0.083779982,0.132669885,0.140143667
983,Marie Green,2777,0.105491021,0.234472769,0.077568113
984,Elmer Bush,2105,0.149275076,0.076237366,0.09515823
985,Laura Richardson,2301,0.080367359,0.142607108,0.152717999
986,Kerry Stevenson,2798,0.080812592,0.232512627,0.113745323
987,Theresa Garza,2072,0.152955424,0.079579384,0.102405441
988,Joy Fowler,2733,0.063888532,0.157671857,0.247356214
989,Randy Rodriquez,2408,0.133648517,0.2148593,0.069411575
990,Kyle Porter,2933,0.167980745,0.083780568,0.154760714
991,Jerry Lewis,2735,0.072015462,0.159802848,0.128386184
992,Billy Price,2974,0.137234122,0.139648589,0.06886127
993,Phillip Martin,2512,0.228383064,0.069246127,0.103324948
994,Loren Andrews,2650,0.078734004,0.137419801,0.171640542
995,Janet Simmons,2430,0.124876531,0.190137855,0.091622635
996,Ada Mccoy,2518,0.160701733,0.092094937,0.147471841
997,Lisa Anderson,2328,0.100468606,0.128970671,0.193137822
998,Teresa Campbell,2220,0.08851647,0.210737303,0.118850107
999,Juan Klein,2492,0.173793449,0.119246984,0.087225511
1000,Rebecca James,2121,0.105341858,0.085572113,0.177363618
